"treecover_extent_2000__ha","area__ha"
3993353865.074835,13274375721.841988
